image_id,prompt,model,response
1.jpg,"You are a helpful and friendly lab assistant. Describe what you see in the image. If you detect any safety hazards, include a brief educational alert. Limit your response to a maximum of 30 words.",google/gemini-2.5-flash,"I see a slide warmer at 41.4Â°C, a beaker with tubes, and pipette tips. **Safety Alert: Ensure water baths and warmers are clean to prevent contamination.**"
10.jpg,"You are a helpful and friendly lab assistant. Describe what you see in the image. If you detect any safety hazards, include a brief educational alert. Limit your response to a maximum of 30 words.",google/gemini-2.5-flash,An individual in full PPE is cleaning or working in a fume hood. The yellow stains inside indicate potential corrosion or residue. Always clean up spills promptly to prevent hazardous build-up!
11.jpg,"You are a helpful and friendly lab assistant. Describe what you see in the image. If you detect any safety hazards, include a brief educational alert. Limit your response to a maximum of 30 words.",google/gemini-2.5-flash,"A scientist is working inside a fume hood, wearing safety goggles, a lab coat, and gloves. Ensure the fume hood sash is at the correct working height to maximize protection!"
12.jpg,"You are a helpful and friendly lab assistant. Describe what you see in the image. If you detect any safety hazards, include a brief educational alert. Limit your response to a maximum of 30 words.",google/gemini-2.5-flash,"I see beakers containing solutions of various elements (Na, K, Li, Cu, Fe, Ba, Ca), some with residue, alongside flame test loops. Safety alert: Keep the lab clean! Spills and residue can lead to contamination or hazards."
13.jpg,"You are a helpful and friendly lab assistant. Describe what you see in the image. If you detect any safety hazards, include a brief educational alert. Limit your response to a maximum of 30 words.",google/gemini-2.5-flash,"A scientist performs a flame test, producing a green flame. **Safety alert:** Ensure all students wear appropriate personal protective equipment, including safety goggles, during experiments."
14.jpg,"You are a helpful and friendly lab assistant. Describe what you see in the image. If you detect any safety hazards, include a brief educational alert. Limit your response to a maximum of 30 words.",google/gemini-2.5-flash,A person in uniform and lab gear is carefully pouring liquid from a wash bottle. Great job wearing safety goggles and apron!
15.jpg,"You are a helpful and friendly lab assistant. Describe what you see in the image. If you detect any safety hazards, include a brief educational alert. Limit your response to a maximum of 30 words.",google/gemini-2.5-flash,"I see a lab flask, purple gloves, and a pipette. Always wear gloves when handling chemicals to protect your skin!"
16.jpg,"You are a helpful and friendly lab assistant. Describe what you see in the image. If you detect any safety hazards, include a brief educational alert. Limit your response to a maximum of 30 words.",google/gemini-2.5-flash,"I see four labeled vials of chemicals/elements in a styrofoam tray for a ""Thomas Salter Science"" kit. Always handle chemicals safely according to instructions."
17.jpg,"You are a helpful and friendly lab assistant. Describe what you see in the image. If you detect any safety hazards, include a brief educational alert. Limit your response to a maximum of 30 words.",google/gemini-2.5-flash,"I see test tubes, some with colorful foamy liquids, and beakers on a wooden surface. Always wear safety goggles when handling chemicals, especially those that foam."
18.jpg,"You are a helpful and friendly lab assistant. Describe what you see in the image. If you detect any safety hazards, include a brief educational alert. Limit your response to a maximum of 30 words.",google/gemini-2.5-flash,"I see a small vial labeled ""Sky Blue 36"" with some blue powder spilled. **Safety Alert:** Always clean up spills immediately to prevent exposure or contamination!"
19.jpg,"You are a helpful and friendly lab assistant. Describe what you see in the image. If you detect any safety hazards, include a brief educational alert. Limit your response to a maximum of 30 words.",google/gemini-2.5-flash,"A lab worker is pipetting inside a fume hood. The worker is wearing safety glasses, gloves, and a lab coat. Excellent PPE usage!"
2.jpg,"You are a helpful and friendly lab assistant. Describe what you see in the image. If you detect any safety hazards, include a brief educational alert. Limit your response to a maximum of 30 words.",google/gemini-2.5-flash,I see marked tubes in a beaker with liquid. Safety alert: Ensure all tubes are securely capped to prevent spills and contamination.
20.jpg,"You are a helpful and friendly lab assistant. Describe what you see in the image. If you detect any safety hazards, include a brief educational alert. Limit your response to a maximum of 30 words.",google/gemini-2.5-flash,"Two individuals in full PPE are carefully handling envelopes. The room appears to be an office or classroom, not a dedicated lab. Alert: Using non-lab environments for such tasks can compromise sterility and safety."
21.jpg,"You are a helpful and friendly lab assistant. Describe what you see in the image. If you detect any safety hazards, include a brief educational alert. Limit your response to a maximum of 30 words.",google/gemini-2.5-flash,A scientist in a lab coat and safety goggles is working on machinery. Good safety practice by wearing appropriate PPE!
22.jpg,"You are a helpful and friendly lab assistant. Describe what you see in the image. If you detect any safety hazards, include a brief educational alert. Limit your response to a maximum of 30 words.",google/gemini-2.5-flash,"A scientist works inside a glovebox, likely handling sensitive materials. Safety goggles are always recommended, even with protective barriers, to ensure eye protection."
23.jpg,"You are a helpful and friendly lab assistant. Describe what you see in the image. If you detect any safety hazards, include a brief educational alert. Limit your response to a maximum of 30 words.",google/gemini-2.5-flash,Two scientists in lab coats and safety glasses operate complex equipment. Visible warning labels on equipment indicate potential electrical hazards. Ensure all equipment is properly grounded and safety protocols are followed.
24.jpg,"You are a helpful and friendly lab assistant. Describe what you see in the image. If you detect any safety hazards, include a brief educational alert. Limit your response to a maximum of 30 words.",google/gemini-2.5-flash,"A young scientist is holding a test tube with a white liquid, likely examining it from a rack of multiple tubes. **Safety Alert: Always wear appropriate personal protective equipment (PPE) like gloves and eye protection when handling chemicals.**"
25.jpg,"You are a helpful and friendly lab assistant. Describe what you see in the image. If you detect any safety hazards, include a brief educational alert. Limit your response to a maximum of 30 words.",google/gemini-2.5-flash,"A gloved hand is handling marked microcentrifuge tubes in a rack. Always wear appropriate PPE, including gloves, to protect from potential contamination."
3.jpg,"You are a helpful and friendly lab assistant. Describe what you see in the image. If you detect any safety hazards, include a brief educational alert. Limit your response to a maximum of 30 words.",google/gemini-2.5-flash,I see a broken test tube containing a blue liquid and solid. This is a safety hazard! Always discard broken glassware safely to prevent cuts.
4.jpg,"You are a helpful and friendly lab assistant. Describe what you see in the image. If you detect any safety hazards, include a brief educational alert. Limit your response to a maximum of 30 words.",google/gemini-2.5-flash,I see a test tube containing blue and white granular powder in a dirty rack. Always keep your workspace tidy to prevent contamination and accidents!
5.jpg,"You are a helpful and friendly lab assistant. Describe what you see in the image. If you detect any safety hazards, include a brief educational alert. Limit your response to a maximum of 30 words.",google/gemini-2.5-flash,"A scientist, wearing safety glasses and gloves, is pouring a yellow liquid in a fume hood. Always keep head outside the hood for proper ventilation!"
6.jpg,"You are a helpful and friendly lab assistant. Describe what you see in the image. If you detect any safety hazards, include a brief educational alert. Limit your response to a maximum of 30 words.",google/gemini-2.5-flash,A clamped test tube with an amber liquid and a magnetic stirrer. Looks ready for an experiment! Stay vigilant for spills and always wear appropriate PPE.
7.jpg,"You are a helpful and friendly lab assistant. Describe what you see in the image. If you detect any safety hazards, include a brief educational alert. Limit your response to a maximum of 30 words.",google/gemini-2.5-flash,"A gloved hand holds a separatory funnel with two immiscible liquids. The upper layer is yellow, the lower is cloudy white. Always wear appropriate PPE!"
8.jpg,"You are a helpful and friendly lab assistant. Describe what you see in the image. If you detect any safety hazards, include a brief educational alert. Limit your response to a maximum of 30 words.",google/gemini-2.5-flash,"I see a test tube held by a clamp, containing a yellow liquid. Several other vials are in a rack. Always keep work areas tidy to prevent spills and contamination."
9.jpg,"You are a helpful and friendly lab assistant. Describe what you see in the image. If you detect any safety hazards, include a brief educational alert. Limit your response to a maximum of 30 words.",google/gemini-2.5-flash,A man in a lab coat and gloves holds a solution. He's wearing glasses. Remember to always wear eye protection!
